{
  "aggregate": {
    "faithfulness": 0.8416666666666666,
    "answer_relevancy": 0.6802318012888102,
    "context_precision": 0.9249999999379167,
    "context_recall": 0.925
  },
  "num_questions": 20,
  "failures": []
}